{
  "project_info": {
    "project_number": "1037387928300",
    "firebase_url": "https://cancernet-ad340-default-rtdb.firebaseio.com",
    "project_id": "cancernet-ad340",
    "storage_bucket": "cancernet-ad340.appspot.com"
  },
  "client": [
    {
      "client_info": {
        "mobilesdk_app_id": "1:1037387928300:android:a4203288a735293f0bcbc9",
        "android_client_info": {
          "package_name": "com.example.cancer_net"
        }
      },
      "oauth_client": [
        {
          "client_id": "1037387928300-a9j5smtjuhkv1kcpe9d98ad198immljj.apps.googleusercontent.com",
          "client_type": 3
        }
      ],
      "api_key": [
        {
          "current_key": "AIzaSyBhotxLd47IWCKlALqRruStu5l9xlDoZdc"
        }
      ],
      "services": {
        "appinvite_service": {
          "other_platform_oauth_client": [
            {
              "client_id": "1037387928300-a9j5smtjuhkv1kcpe9d98ad198immljj.apps.googleusercontent.com",
              "client_type": 3
            }
          ]
        }
      }
    }
  ],
  "configuration_version": "1"
}